{"schemaVersion":"1.0","appDefinitionTemplate":{"id":"/providers/Microsoft.PowerApps/apps/","type":"Microsoft.PowerApps/apps","tags":{"primaryDeviceWidth":"1900","primaryDeviceHeight":"1080","supportsPortrait":"true","supportsLandscape":"true","primaryFormFactor":"Tablet","publisherVersion":"3.23051.23","minimumRequiredApiVersion":"2.2.0","hasComponent":"false","hasUnlockedComponent":"false","isUnifiedRootApp":"false","sienaVersion":"20230518T162225Z-3.23051.23.0"},"properties":{"appVersion":"2023-05-18T16:22:25Z","lifeCycleId":"Published","createdByClientVersion":{"major":3,"minor":23051,"build":23,"revision":0,"majorRevision":0,"minorRevision":0},"minClientVersion":{"major":3,"minor":23051,"build":23,"revision":0,"majorRevision":0,"minorRevision":0},"backgroundColor":"RGBA(0,176,240,1)","backgroundImageUri":"/5038563723638119749/Nda505ea4-074e-4b06-8644-25566a1a43c6-logoSmallFile","displayName":"Complete Sub Task","description":"","commitMessage":"","appUris":{"documentUri":{"value":"/5038563723638119749/N9bca5ee4-83eb-4713-bd0a-c795c3a65c5f-document.msapp"},"imageUris":[],"additionalUris":[]},"createdTime":"0001-01-01T00:00:00Z","lastModifiedTime":"0001-01-01T00:00:00Z","sharedGroupsCount":0,"sharedUsersCount":0,"connectionReferences":{"c23c4726-c055-4d80-b4cb-8da4842976f6":{"id":"cd226433-27fc-4cf5-aecd-b0a1777c44ee","displayName":"SharePoint","iconUri":"https://connectoricons-prod.azureedge.net/releases/v1.0.1627/1.0.1627.3238/sharepointonline/icon.png","dataSources":["Venues Main Tasks","Final Project List","Venues Minor Tasks","Venue Minor Sub Tasks","Assignees"],"dependencies":[],"dependents":[],"parameterHints":{},"parameterHintsV2":{},"isOnPremiseConnection":false,"bypassConsent":false,"dataSets":{"https://crowncastle.sharepoint.com/sites/SoCalVenuesII":{"dataSources":{"Venues Main Tasks":{"tableName":"a840f2d9-0557-4df2-ba8f-ad3bb34c17be"},"Final Project List":{"tableName":"2fa7e881-2af4-4cac-96ac-eaf4494f953a"},"Venues Minor Tasks":{"tableName":"6e0d8a29-2601-454c-8f29-6ca4f640e110"},"Venue Minor Sub Tasks":{"tableName":"7f94a9a4-5a23-4b4e-96d4-f521de0c3ddc"},"Assignees":{"tableName":"ebd1b8d9-1495-40e3-96ea-4e4a17cb3756"}}}},"apiTier":"Standard","isCustomApiConnection":false,"actions":["providers/PowerPlatform.Governance/Operations/Read","providers/PowerPlatform.Governance/Operations/Write"]}},"databaseReferences":{},"almMode":"Environment","performanceOptimizationEnabled":true,"canConsumeAppPass":true,"enableModernRuntimeMode":false,"executionRestrictions":{"isTeamsOnly":false,"dataLossPreventionEvaluationResult":{"status":"Compliant","lastEvaluationDate":"2023-02-22T23:55:53.5456564Z","violations":[],"violationsByPolicy":[],"violationErrorMessage":"The app uses the following connectors: shared_sharepointonline."}}},"appType":"ClassicCanvasApp","appComponents":[]}}