{"schemaVersion":"1.0","appDefinitionTemplate":{"id":"/providers/Microsoft.PowerApps/apps/","type":"Microsoft.PowerApps/apps","tags":{"primaryDeviceWidth":"1900","primaryDeviceHeight":"1080","supportsPortrait":"true","supportsLandscape":"true","primaryFormFactor":"Tablet","publisherVersion":"3.23073.23","minimumRequiredApiVersion":"2.2.0","hasComponent":"false","hasUnlockedComponent":"false","isUnifiedRootApp":"false","sienaVersion":"20230804T190058Z-3.23073.23.0"},"properties":{"appVersion":"2023-08-04T19:00:58Z","lifeCycleId":"Published","createdByClientVersion":{"major":3,"minor":23073,"build":23,"revision":0,"majorRevision":0,"minorRevision":0},"minClientVersion":{"major":3,"minor":23073,"build":23,"revision":0,"majorRevision":0,"minorRevision":0},"backgroundColor":"RGBA(0,176,240,1)","backgroundImageUri":"/11719386488433411736/Nfb8616e0-9f29-43d5-9f22-ee502939d366-logoSmallFile","displayName":"Open Venues Tasks","description":"","commitMessage":"","appUris":{"documentUri":{"value":"/11719386488433411736/N1e0bb86d-5ca3-47a4-8259-eea64e4a8e5f-document.msapp"},"imageUris":[],"additionalUris":[]},"createdTime":"0001-01-01T00:00:00Z","lastModifiedTime":"0001-01-01T00:00:00Z","sharedGroupsCount":0,"sharedUsersCount":0,"connectionReferences":{"135864f3-7c32-4a61-ace8-705fb6607e16":{"id":"cd226433-27fc-4cf5-aecd-b0a1777c44ee","displayName":"SharePoint","iconUri":"https://connectoricons-prod.azureedge.net/u/shgogna/globalperconnector-train1/1.0.1639.3312/sharepointonline/icon.png","dataSources":["Final Project List","Venues Task Types","Assignees","Venues Minor Tasks","Venues Main Tasks","Venue Minor Sub Tasks"],"dependencies":[],"dependents":[],"parameterHints":{},"parameterHintsV2":{},"isOnPremiseConnection":false,"bypassConsent":false,"dataSets":{"https://crowncastle.sharepoint.com/sites/SoCalVenuesII":{"dataSources":{"Final Project List":{"tableName":"2fa7e881-2af4-4cac-96ac-eaf4494f953a"},"Venues Task Types":{"tableName":"32a574f4-82d4-433c-ad65-e8aaf16a84d4"},"Assignees":{"tableName":"ebd1b8d9-1495-40e3-96ea-4e4a17cb3756"},"Venues Minor Tasks":{"tableName":"6e0d8a29-2601-454c-8f29-6ca4f640e110"},"Venues Main Tasks":{"tableName":"a840f2d9-0557-4df2-ba8f-ad3bb34c17be"},"Venue Minor Sub Tasks":{"tableName":"7f94a9a4-5a23-4b4e-96d4-f521de0c3ddc"}}}},"apiTier":"Standard","isCustomApiConnection":false,"actions":["providers/PowerPlatform.Governance/Operations/Read","providers/PowerPlatform.Governance/Operations/Write","providers/PowerPlatform.Governance/Operations/Delete"]}},"databaseReferences":{},"almMode":"Environment","performanceOptimizationEnabled":true,"canConsumeAppPass":true,"enableModernRuntimeMode":false,"executionRestrictions":{"isTeamsOnly":false,"dataLossPreventionEvaluationResult":{"status":"Compliant","lastEvaluationDate":"2023-03-07T17:24:41.0320036Z","violations":[],"violationsByPolicy":[],"violationErrorMessage":"The app uses the following connectors: shared_sharepointonline."}}},"appType":"ClassicCanvasApp","appComponents":[]}}